tokens,tokens_limpos,stems,lemmas,texto_para_sentimento
"['a', 'gente', 'não', 'era', 'contra', 'a', 'adultização', 'dos', 'jovens', 'pessoal']","['gente', 'contra', 'adultização', 'jovens', 'pessoal']","['gent', 'contr', 'adult', 'jov', 'pessoal']","['gente', 'contra', 'adultização', 'jovens', 'pessoal']",
"['felca', 'virou', 'presidente', 'agora', 'o', 'povo', 'querendo', 'que', 'ele', 'seja', 'um', 'deus', 'do', 'poder', 'executivo', 'legislativo', 'e', 'judiciário']","['felca', 'virou', 'presidente', 'agora', 'povo', 'querendo', 'deus', 'poder', 'executivo', 'legislativo', 'judiciário']","['felc', 'vir', 'presid', 'agor', 'pov', 'quer', 'deu', 'pod', 'execu', 'legisl', 'judici']","['felca', 'virou', 'presidente', 'agora', 'povo', 'querendo', 'deus', 'poder', 'executivo', 'legislativo', 'judiciário']",
"['o', 'fato', 'de', 'chamarem', 'o', 'felca', 'em', 'vez', 'de', 'um', 'psicólogo', 'pedagogo', 'ou', 'assistente', 'social']","['fato', 'chamarem', 'felca', 'vez', 'psicólogo', 'pedagogo', 'assistente', 'social']","['fat', 'cham', 'felc', 'vez', 'psicólog', 'pedagog', 'assist', 'soc']","['fato', 'chamarem', 'felca', 'vez', 'psicólogo', 'pedagogo', 'assistente', 'social']",
"['e', 'pode', 'deixar', 'anotado', 'q', 'se', 'o', 'felca', 'continuar', 'falando', 'sobre', 'esse', 'tipo', 'de', 'assunto', 'jaja', 'ele', 'perde', 'toda', 'relevância']","['pode', 'deixar', 'anotado', 'q', 'felca', 'continuar', 'falando', 'sobre', 'tipo', 'assunto', 'jaja', 'perde', 'toda', 'relevância']","['pod', 'deix', 'anot', 'q', 'felc', 'continu', 'fal', 'sobr', 'tip', 'assunt', 'jaj', 'perd', 'tod', 'relev']","['pode', 'deixar', 'anotado', 'q', 'felca', 'continuar', 'falando', 'sobre', 'tipo', 'assunto', 'jaja', 'perde', 'toda', 'relevância']",
"['o', 'felca', 'fodeu', 'ele', 'levantou', 'outro', 'tema', 'e', 'esqueceram', 'ele', 'preso']","['felca', 'fodeu', 'levantou', 'outro', 'tema', 'esqueceram', 'preso']","['felc', 'fod', 'levant', 'outr', 'tem', 'esquec', 'pres']","['felca', 'fodeu', 'levantou', 'outro', 'tema', 'esqueceram', 'preso']",
"['toda', 'vez', 'q', 'o', 'twitter', 'idealiza', 'alguém', 'lá', 'na', 'frente', 'quebra', 'a', 'cara', 'o', 'felca', 'não', 'vai', 'fugir', 'a', 'regra']","['toda', 'vez', 'q', 'twitter', 'idealiza', 'alguém', 'lá', 'frente', 'quebra', 'cara', 'felca', 'vai', 'fugir', 'regra']","['tod', 'vez', 'q', 'twitt', 'idealiz', 'alguém', 'lá', 'frent', 'quebr', 'car', 'felc', 'vai', 'fug', 'regr']","['toda', 'vez', 'q', 'twitter', 'idealiza', 'alguém', 'lá', 'frente', 'quebra', 'cara', 'felca', 'vai', 'fugir', 'regra']",
"['tua', 'interpretação', 'é', 'um', 'lixo', 'msm', 'a', 'adultizacao', 'tá', 'quando', 'adultos', 'estão', 'debatendo', 'na', 'internet', 'se', 'uma', 'criança', 'gosta', 'de', 'homem', 'ou', 'mulher', 'sendo', 'que', 'é', 'uma', 'criança', 'mds', 'qual', 'a', 'dificuldade', 'de', 'entender', 'o', 'básico']","['interpretação', 'lixo', 'msm', 'adultizacao', 'tá', 'adultos', 'debatendo', 'internet', 'criança', 'gosta', 'homem', 'mulher', 'sendo', 'criança', 'mds', 'dificuldade', 'entender', 'básico']","['interpret', 'lix', 'msm', 'adultizaca', 'tá', 'adult', 'debat', 'internet', 'crianç', 'gost', 'hom', 'mulh', 'send', 'crianç', 'md', 'dificuldad', 'entend', 'básic']","['interpretação', 'lixo', 'msm', 'adultizacao', 'tá', 'adultos', 'debatendo', 'internet', 'criança', 'gosta', 'homem', 'mulher', 'sendo', 'criança', 'md', 'dificuldade', 'entender', 'básico']",
"['o', 'felca', 'fodeu', 'ele', 'levantou', 'outro', 'tema', 'e', 'esqueceram', 'ele', 'preso']","['felca', 'fodeu', 'levantou', 'outro', 'tema', 'esqueceram', 'preso']","['felc', 'fod', 'levant', 'outr', 'tem', 'esquec', 'pres']","['felca', 'fodeu', 'levantou', 'outro', 'tema', 'esqueceram', 'preso']",
"['na', 'surdina', 'enquanto', 'todo', 'mundo', 'se', 'ocupava', 'com', 'os', 'áudios', 'de', 'bolsonaro', 'e', 'malafaia', 'a', 'câmara', 'aprovou', 'o', 'projeto', 'contra', 'a']","['surdina', 'enquanto', 'todo', 'mundo', 'ocupava', 'áudios', 'bolsonaro', 'malafaia', 'câmara', 'aprovou', 'projeto', 'contra']","['surdin', 'enquant', 'tod', 'mund', 'ocup', 'áudi', 'bolsonar', 'malafa', 'câm', 'aprov', 'projet', 'contr']","['surdina', 'enquanto', 'todo', 'mundo', 'ocupava', 'áudios', 'bolsonaro', 'malafaia', 'câmara', 'aprovou', 'projeto', 'contra']",
"['gravíssimo', 'o', 'mesmo', 'pt', 'que', 'diz', 'combater', 'a', 'adultização', 'é', 'o', 'pt', 'que', 'oferece', 'anticoncepcional', 'subdérmico', 'para', 'meninas', 'de']","['gravíssimo', 'pt', 'diz', 'combater', 'adultização', 'pt', 'oferece', 'anticoncepcional', 'subdérmico', 'meninas']","['grav', 'pt', 'diz', 'combat', 'adult', 'pt', 'oferec', 'anticoncepc', 'subdérm', 'menin']","['gravíssimo', 'pt', 'diz', 'combater', 'adultização', 'pt', 'oferece', 'anticoncepcional', 'subdérmico', 'meninas']",
"['felca', 'com', 'dedo', 'de', 'pinto', 'e', 'o', 'hytalo', 'santos', 'com', 'um', 'cotoco', 'no', 'lugar', 'do', 'braço']","['felca', 'dedo', 'pinto', 'hytalo', 'santos', 'cotoco', 'lugar', 'braço']","['felc', 'ded', 'pint', 'hytal', 'sant', 'cotoc', 'lug', 'braç']","['felca', 'dedo', 'pinto', 'hytalo', 'santos', 'cotoco', 'lugar', 'braço']",
"['vocês', 'passam', 'vergonha', 'dms', 'felca', 'não', 'é', 'político', 'caralho', 'cobrem', 'os', 'políticos', 'porra']","['passam', 'vergonha', 'dms', 'felca', 'político', 'caralho', 'cobrem', 'políticos', 'porra']","['pass', 'vergonh', 'dm', 'felc', 'polít', 'caralh', 'cobr', 'polít', 'porr']","['passam', 'vergonha', 'dm', 'felca', 'político', 'caralho', 'cobrem', 'políticos', 'porra']",
"['daqui', 'a', 'pouquinho', 'se', 'o', 'felca', 'trouxer', 'a', 'mesma', 'pauta', 'aí', 'sim', 'todos', 'darão', 'ouvidos', 'igualmente', 'aconteceu', 'com', 'a', 'antônia', 'fontenele', 'que', 'já', 'havia', 'feito', 'a', 'denúncia', 'e', 'foi', 'processada']","['daqui', 'pouquinho', 'felca', 'trouxer', 'mesma', 'pauta', 'aí', 'sim', 'todos', 'darão', 'ouvidos', 'igualmente', 'aconteceu', 'antônia', 'fontenele', 'havia', 'feito', 'denúncia', 'processada']","['daqu', 'pouq', 'felc', 'troux', 'mesm', 'paut', 'aí', 'sim', 'tod', 'dar', 'ouv', 'igual', 'acontec', 'antôn', 'fontenel', 'hav', 'feit', 'denúnc', 'process']","['daqui', 'pouquinho', 'felca', 'trouxer', 'mesma', 'pauta', 'aí', 'sim', 'todos', 'darão', 'ouvidos', 'igualmente', 'aconteceu', 'antônia', 'fontenele', 'havia', 'feito', 'denúncia', 'processada']",
"['parabéns', 'felca']","['parabéns', 'felca']","['parabém', 'felc']","['parabéns', 'felca']",
"['grafiteiros', 'homenageiam', 'felca', 'em', 'muro', 'de', 'escola', 'pública', 'de', 'são', 'paulo', 'sp', 'com', 'grafite', 'do', 'influenciador', 'ao', 'lado', 'da', 'fras']","['grafiteiros', 'homenageiam', 'felca', 'muro', 'escola', 'pública', 'paulo', 'sp', 'grafite', 'influenciador', 'lado', 'fras']","['grafit', 'homenage', 'felc', 'mur', 'escol', 'públic', 'paul', 'sp', 'grafit', 'influenci', 'lad', 'fra']","['grafiteiros', 'homenageiam', 'felca', 'muro', 'escola', 'pública', 'paulo', 'sp', 'grafite', 'influenciador', 'lado', 'fras']",
"['que', 'mulher', 'ridicula', 'dps', 'sofre', 'uma', 'violencia', 'e', 'ai', 'fica', 'aiin', 'coitadinha', 'felca', 'fala', 'sobre', 'a', 'mãe', 'que', 'defendeu', 'o', 'bullying', 'do', 'filho', 'via']","['mulher', 'ridicula', 'dps', 'sofre', 'violencia', 'ai', 'fica', 'aiin', 'coitadinha', 'felca', 'fala', 'sobre', 'mãe', 'defendeu', 'bullying', 'filho', 'via']","['mulh', 'ridicul', 'dp', 'sofr', 'violenc', 'ai', 'fic', 'aiin', 'coit', 'felc', 'fal', 'sobr', 'mãe', 'defend', 'bullying', 'filh', 'via']","['mulher', 'ridicula', 'dp', 'sofre', 'violencia', 'ai', 'fica', 'aiin', 'coitadinha', 'felca', 'fala', 'sobre', 'mãe', 'defendeu', 'bullying', 'filho', 'via']",
"['o', 'fato', 'de', 'chamarem', 'o', 'felca', 'em', 'vez', 'de', 'um', 'psicólogo', 'pedagogo', 'ou', 'assistente', 'social']","['fato', 'chamarem', 'felca', 'vez', 'psicólogo', 'pedagogo', 'assistente', 'social']","['fat', 'cham', 'felc', 'vez', 'psicólog', 'pedagog', 'assist', 'soc']","['fato', 'chamarem', 'felca', 'vez', 'psicólogo', 'pedagogo', 'assistente', 'social']",
"['que', 'país', 'de', 'merda', 'grafite', 'e', 'felca', 'duas', 'coisas', 'de', 'bostileiro', 'qi']","['país', 'merda', 'grafite', 'felca', 'duas', 'coisas', 'bostileiro', 'qi']","['país', 'merd', 'grafit', 'felc', 'dua', 'cois', 'bostil', 'qi']","['país', 'merda', 'grafite', 'felca', 'duas', 'coisas', 'bostileiro', 'qi']",
"['nao', 'sei', 'o', 'pensar', 'sobre', 'isso', 'ao', 'mesmo', 'tempo', 'que', 'acho', 'que', 'figuras', 'publicas', 'nao', 'deveriam', 'processar', 'pessoas', 'comuns', 'random', 'falando', 'mal', 'deles', 'na', 'internet', 'e', 'inventando', 'historias', 'tb', 'se', 'eu', 'fosse', 'o', 'felca', 'nao', 'ia', 'querer', 'ser', 'chamado', 'de', 'abusador', 'de', 'menor']","['nao', 'sei', 'pensar', 'sobre', 'tempo', 'acho', 'figuras', 'publicas', 'nao', 'deveriam', 'processar', 'pessoas', 'comuns', 'random', 'falando', 'mal', 'internet', 'inventando', 'historias', 'tb', 'felca', 'nao', 'ia', 'querer', 'chamado', 'abusador', 'menor']","['nao', 'sei', 'pens', 'sobr', 'temp', 'ach', 'figur', 'publ', 'nao', 'dev', 'process', 'pesso', 'comum', 'random', 'fal', 'mal', 'internet', 'invent', 'hist', 'tb', 'felc', 'nao', 'ia', 'quer', 'cham', 'abus', 'men']","['nao', 'sei', 'pensar', 'sobre', 'tempo', 'acho', 'figuras', 'publicas', 'nao', 'deveriam', 'processar', 'pessoas', 'comuns', 'random', 'falando', 'mal', 'internet', 'inventando', 'historias', 'tb', 'felca', 'nao', 'ia', 'querer', 'chamado', 'abusador', 'menor']",
"['pedagoga', 'encontra', 'felca', 'e', 'pede', 'que', 'ele', 'levante', 'a', 'pauta', 'da', 'desvalorização', 'dos', 'professores']","['pedagoga', 'encontra', 'felca', 'pede', 'levante', 'pauta', 'desvalorização', 'professores']","['pedagog', 'encontr', 'felc', 'ped', 'lev', 'paut', 'desvalor', 'profes']","['pedagoga', 'encontra', 'felca', 'pede', 'levante', 'pauta', 'desvalorização', 'professores']",
"['veja', 'grafiteiros', 'prestam', 'homenagem', 'a', 'felca', 'em', 'um', 'muro', 'de', 'escola', 'pública', 'em', 'são', 'paulo', 'estampando', 'a', 'frase', 'não', 'à', 'adultização']","['veja', 'grafiteiros', 'prestam', 'homenagem', 'felca', 'muro', 'escola', 'pública', 'paulo', 'estampando', 'frase', 'adultização']","['vej', 'grafit', 'prest', 'homen', 'felc', 'mur', 'escol', 'públic', 'paul', 'estamp', 'fras', 'adult']","['veja', 'grafiteiros', 'prestam', 'homenagem', 'felca', 'muro', 'escola', 'pública', 'paulo', 'estampando', 'frase', 'adultização']",
"['e', 'é', 'contra', 'o', 'pl', 'da', 'adultização']","['contra', 'pl', 'adultização']","['contr', 'pl', 'adult']","['contra', 'pl', 'adultização']",
"['o', 'fato', 'de', 'chamarem', 'o', 'felca', 'em', 'vez', 'de', 'um', 'psicólogo', 'pedagogo', 'ou', 'assistente', 'social']","['fato', 'chamarem', 'felca', 'vez', 'psicólogo', 'pedagogo', 'assistente', 'social']","['fat', 'cham', 'felc', 'vez', 'psicólog', 'pedagog', 'assist', 'soc']","['fato', 'chamarem', 'felca', 'vez', 'psicólogo', 'pedagogo', 'assistente', 'social']",
"['o', 'felca', 'fodeu', 'ele', 'levantou', 'outro', 'tema', 'e', 'esqueceram', 'ele', 'preso']","['felca', 'fodeu', 'levantou', 'outro', 'tema', 'esqueceram', 'preso']","['felc', 'fod', 'levant', 'outr', 'tem', 'esquec', 'pres']","['felca', 'fodeu', 'levantou', 'outro', 'tema', 'esqueceram', 'preso']",
"['pedagoga', 'encontra', 'felca', 'e', 'pede', 'que', 'ele', 'levante', 'a', 'pauta', 'da', 'desvalorização', 'dos', 'professores']","['pedagoga', 'encontra', 'felca', 'pede', 'levante', 'pauta', 'desvalorização', 'professores']","['pedagog', 'encontr', 'felc', 'ped', 'lev', 'paut', 'desvalor', 'profes']","['pedagoga', 'encontra', 'felca', 'pede', 'levante', 'pauta', 'desvalorização', 'professores']",
"['o', 'felca', 'fodeu', 'ele', 'levantou', 'outro', 'tema', 'e', 'esqueceram', 'ele', 'preso']","['felca', 'fodeu', 'levantou', 'outro', 'tema', 'esqueceram', 'preso']","['felc', 'fod', 'levant', 'outr', 'tem', 'esquec', 'pres']","['felca', 'fodeu', 'levantou', 'outro', 'tema', 'esqueceram', 'preso']",
"['o', 'felca', 'fodeu', 'ele', 'levantou', 'outro', 'tema', 'e', 'esqueceram', 'ele', 'preso']","['felca', 'fodeu', 'levantou', 'outro', 'tema', 'esqueceram', 'preso']","['felc', 'fod', 'levant', 'outr', 'tem', 'esquec', 'pres']","['felca', 'fodeu', 'levantou', 'outro', 'tema', 'esqueceram', 'preso']",
"['o', 'fato', 'de', 'chamarem', 'o', 'felca', 'em', 'vez', 'de', 'um', 'psicólogo', 'pedagogo', 'ou', 'assistente', 'social']","['fato', 'chamarem', 'felca', 'vez', 'psicólogo', 'pedagogo', 'assistente', 'social']","['fat', 'cham', 'felc', 'vez', 'psicólog', 'pedagog', 'assist', 'soc']","['fato', 'chamarem', 'felca', 'vez', 'psicólogo', 'pedagogo', 'assistente', 'social']",
"['o', 'fato', 'de', 'chamarem', 'o', 'felca', 'em', 'vez', 'de', 'um', 'psicólogo', 'pedagogo', 'ou', 'assistente', 'social']","['fato', 'chamarem', 'felca', 'vez', 'psicólogo', 'pedagogo', 'assistente', 'social']","['fat', 'cham', 'felc', 'vez', 'psicólog', 'pedagog', 'assist', 'soc']","['fato', 'chamarem', 'felca', 'vez', 'psicólogo', 'pedagogo', 'assistente', 'social']",
"['gravíssimo', 'o', 'mesmo', 'pt', 'que', 'diz', 'combater', 'a', 'adultização', 'é', 'o', 'pt', 'que', 'oferece', 'anticoncepcional', 'subdérmico', 'para', 'meninas', 'de']","['gravíssimo', 'pt', 'diz', 'combater', 'adultização', 'pt', 'oferece', 'anticoncepcional', 'subdérmico', 'meninas']","['grav', 'pt', 'diz', 'combat', 'adult', 'pt', 'oferec', 'anticoncepc', 'subdérm', 'menin']","['gravíssimo', 'pt', 'diz', 'combater', 'adultização', 'pt', 'oferece', 'anticoncepcional', 'subdérmico', 'meninas']",
"['felca', 'você', 'é', 'muito', 'necessário']","['felca', 'necessário']","['felc', 'necess']","['felca', 'necessário']",
"['é', 'só', 'inveja', 'pelo', 'hype', 'q', 'o', 'felca', 'recebeu', 'e', 'não', 'ele']","['inveja', 'hype', 'q', 'felca', 'recebeu']","['invej', 'hyp', 'q', 'felc', 'receb']","['inveja', 'hype', 'q', 'felca', 'recebeu']",
"['nunca', 'fui', 'com', 'a', 'cara', 'desse', 'felca', 'tá', 'visível', 'que', 'de', 'esquerda']","['nunca', 'cara', 'desse', 'felca', 'tá', 'visível', 'esquerda']","['nunc', 'car', 'dess', 'felc', 'tá', 'vis', 'esquerd']","['nunca', 'cara', 'desse', 'felca', 'tá', 'visível', 'esquerda']",
"['o', 'felca', 'não', 'é', 'um', 'deus', 'não', 'é', 'um', 'homem', 'santificado', 'quem', 'deve', 'debater', 'sobre', 'essas', 'pautas', 'são', 'nossos', 'representantes', 'no', 'congresso', 'na', 'câmara', 'dos', 'deputados', 'e', 'no', 'stf']","['felca', 'deus', 'homem', 'santificado', 'deve', 'debater', 'sobre', 'pautas', 'representantes', 'congresso', 'câmara', 'deputados', 'stf']","['felc', 'deu', 'hom', 'santific', 'dev', 'debat', 'sobr', 'paut', 'represent', 'congress', 'câm', 'deput', 'stf']","['felca', 'deus', 'homem', 'santificado', 'deve', 'debater', 'sobre', 'pautas', 'representantes', 'congresso', 'câmara', 'deputados', 'stf']",
"['o', 'felca', 'de', 'touca', 'ficou', 'um', 'sabor']","['felca', 'touca', 'ficou', 'sabor']","['felc', 'touc', 'fic', 'sab']","['felca', 'touca', 'ficou', 'sabor']",
"['gravíssimo', 'o', 'mesmo', 'pt', 'que', 'diz', 'combater', 'a', 'adultização', 'é', 'o', 'pt', 'que', 'oferece', 'anticoncepcional', 'subdérmico', 'para', 'meninas', 'de']","['gravíssimo', 'pt', 'diz', 'combater', 'adultização', 'pt', 'oferece', 'anticoncepcional', 'subdérmico', 'meninas']","['grav', 'pt', 'diz', 'combat', 'adult', 'pt', 'oferec', 'anticoncepc', 'subdérm', 'menin']","['gravíssimo', 'pt', 'diz', 'combater', 'adultização', 'pt', 'oferece', 'anticoncepcional', 'subdérmico', 'meninas']",
"['o', 'felca', 'fodeu', 'ele', 'levantou', 'outro', 'tema', 'e', 'esqueceram', 'ele', 'preso']","['felca', 'fodeu', 'levantou', 'outro', 'tema', 'esqueceram', 'preso']","['felc', 'fod', 'levant', 'outr', 'tem', 'esquec', 'pres']","['felca', 'fodeu', 'levantou', 'outro', 'tema', 'esqueceram', 'preso']",
"['toda', 'vez', 'q', 'o', 'twitter', 'idealiza', 'alguém', 'lá', 'na', 'frente', 'quebra', 'a', 'cara', 'o', 'felca', 'não', 'vai', 'fugir', 'a', 'regra']","['toda', 'vez', 'q', 'twitter', 'idealiza', 'alguém', 'lá', 'frente', 'quebra', 'cara', 'felca', 'vai', 'fugir', 'regra']","['tod', 'vez', 'q', 'twitt', 'idealiz', 'alguém', 'lá', 'frent', 'quebr', 'car', 'felc', 'vai', 'fug', 'regr']","['toda', 'vez', 'q', 'twitter', 'idealiza', 'alguém', 'lá', 'frente', 'quebra', 'cara', 'felca', 'vai', 'fugir', 'regra']",
"['o', 'secretário', 'de', 'políticas', 'digitais', 'da', 'presidência', 'da', 'república', 'joão', 'brant', 'avaliou', 'que', 'o', 'pl', 'da', 'adultização', 'que', 'estabel']","['secretário', 'políticas', 'digitais', 'presidência', 'república', 'joão', 'brant', 'avaliou', 'pl', 'adultização', 'estabel']","['secret', 'polít', 'digit', 'presid', 'repúbl', 'joã', 'brant', 'avali', 'pl', 'adult', 'estabel']","['secretário', 'políticas', 'digitais', 'presidência', 'república', 'joão', 'brant', 'avaliou', 'pl', 'adultização', 'estabel']",
"['felca', 'faça', 'um', 'vídeo', 'sobre', 'a', 'falta', 'de', 'zagueiro', 'no', 'club', 'de', 'regatas', 'vasco', 'da', 'gama']","['felca', 'faça', 'vídeo', 'sobre', 'falta', 'zagueiro', 'club', 'regatas', 'vasco', 'gama']","['felc', 'faç', 'víde', 'sobr', 'falt', 'zagu', 'club', 'regat', 'vasc', 'gam']","['felca', 'faça', 'vídeo', 'sobre', 'falta', 'zagueiro', 'club', 'regatas', 'vasco', 'gama']",
"['pedagoga', 'encontra', 'felca', 'e', 'pede', 'que', 'ele', 'levante', 'a', 'pauta', 'da', 'desvalorização', 'dos', 'professores']","['pedagoga', 'encontra', 'felca', 'pede', 'levante', 'pauta', 'desvalorização', 'professores']","['pedagog', 'encontr', 'felc', 'ped', 'lev', 'paut', 'desvalor', 'profes']","['pedagoga', 'encontra', 'felca', 'pede', 'levante', 'pauta', 'desvalorização', 'professores']",
"['o', 'fato', 'de', 'chamarem', 'o', 'felca', 'em', 'vez', 'de', 'um', 'psicólogo', 'pedagogo', 'ou', 'assistente', 'social']","['fato', 'chamarem', 'felca', 'vez', 'psicólogo', 'pedagogo', 'assistente', 'social']","['fat', 'cham', 'felc', 'vez', 'psicólog', 'pedagog', 'assist', 'soc']","['fato', 'chamarem', 'felca', 'vez', 'psicólogo', 'pedagogo', 'assistente', 'social']",
"['anos', 'felca', 'neles']","['anos', 'felca', 'neles']","['ano', 'felc', 'nel']","['ano', 'felca', 'neles']",
"['o', 'felca', 'fodeu', 'ele', 'levantou', 'outro', 'tema', 'e', 'esqueceram', 'ele', 'preso']","['felca', 'fodeu', 'levantou', 'outro', 'tema', 'esqueceram', 'preso']","['felc', 'fod', 'levant', 'outr', 'tem', 'esquec', 'pres']","['felca', 'fodeu', 'levantou', 'outro', 'tema', 'esqueceram', 'preso']",
"['o', 'fato', 'de', 'chamarem', 'o', 'felca', 'em', 'vez', 'de', 'um', 'psicólogo', 'pedagogo', 'ou', 'assistente', 'social']","['fato', 'chamarem', 'felca', 'vez', 'psicólogo', 'pedagogo', 'assistente', 'social']","['fat', 'cham', 'felc', 'vez', 'psicólog', 'pedagog', 'assist', 'soc']","['fato', 'chamarem', 'felca', 'vez', 'psicólogo', 'pedagogo', 'assistente', 'social']",
"['o', 'felca', 'fodeu', 'ele', 'levantou', 'outro', 'tema', 'e', 'esqueceram', 'ele', 'preso']","['felca', 'fodeu', 'levantou', 'outro', 'tema', 'esqueceram', 'preso']","['felc', 'fod', 'levant', 'outr', 'tem', 'esquec', 'pres']","['felca', 'fodeu', 'levantou', 'outro', 'tema', 'esqueceram', 'preso']",
"['felca', 'e', 'hytalo', 'santos', 'em', 'um', 'universo', 'paralelo']","['felca', 'hytalo', 'santos', 'universo', 'paralelo']","['felc', 'hytal', 'sant', 'univers', 'paralel']","['felca', 'hytalo', 'santos', 'universo', 'paralelo']",
"['o', 'fato', 'de', 'chamarem', 'o', 'felca', 'em', 'vez', 'de', 'um', 'psicólogo', 'pedagogo', 'ou', 'assistente', 'social']","['fato', 'chamarem', 'felca', 'vez', 'psicólogo', 'pedagogo', 'assistente', 'social']","['fat', 'cham', 'felc', 'vez', 'psicólog', 'pedagog', 'assist', 'soc']","['fato', 'chamarem', 'felca', 'vez', 'psicólogo', 'pedagogo', 'assistente', 'social']",
"['o', 'fato', 'de', 'chamarem', 'o', 'felca', 'em', 'vez', 'de', 'um', 'psicólogo', 'pedagogo', 'ou', 'assistente', 'social']","['fato', 'chamarem', 'felca', 'vez', 'psicólogo', 'pedagogo', 'assistente', 'social']","['fat', 'cham', 'felc', 'vez', 'psicólog', 'pedagog', 'assist', 'soc']","['fato', 'chamarem', 'felca', 'vez', 'psicólogo', 'pedagogo', 'assistente', 'social']",
"['o', 'felca', 'fodeu', 'ele', 'levantou', 'outro', 'tema', 'e', 'esqueceram', 'ele', 'preso']","['felca', 'fodeu', 'levantou', 'outro', 'tema', 'esqueceram', 'preso']","['felc', 'fod', 'levant', 'outr', 'tem', 'esquec', 'pres']","['felca', 'fodeu', 'levantou', 'outro', 'tema', 'esqueceram', 'preso']",
"['o', 'felca', 'fodeu', 'ele', 'levantou', 'outro', 'tema', 'e', 'esqueceram', 'ele', 'preso']","['felca', 'fodeu', 'levantou', 'outro', 'tema', 'esqueceram', 'preso']","['felc', 'fod', 'levant', 'outr', 'tem', 'esquec', 'pres']","['felca', 'fodeu', 'levantou', 'outro', 'tema', 'esqueceram', 'preso']",
"['o', 'fato', 'de', 'chamarem', 'o', 'felca', 'em', 'vez', 'de', 'um', 'psicólogo', 'pedagogo', 'ou', 'assistente', 'social']","['fato', 'chamarem', 'felca', 'vez', 'psicólogo', 'pedagogo', 'assistente', 'social']","['fat', 'cham', 'felc', 'vez', 'psicólog', 'pedagog', 'assist', 'soc']","['fato', 'chamarem', 'felca', 'vez', 'psicólogo', 'pedagogo', 'assistente', 'social']",
"['pedagoga', 'encontra', 'felca', 'e', 'pede', 'que', 'ele', 'levante', 'a', 'pauta', 'da', 'desvalorização', 'dos', 'professores']","['pedagoga', 'encontra', 'felca', 'pede', 'levante', 'pauta', 'desvalorização', 'professores']","['pedagog', 'encontr', 'felc', 'ped', 'lev', 'paut', 'desvalor', 'profes']","['pedagoga', 'encontra', 'felca', 'pede', 'levante', 'pauta', 'desvalorização', 'professores']",
"['o', 'fato', 'de', 'chamarem', 'o', 'felca', 'em', 'vez', 'de', 'um', 'psicólogo', 'pedagogo', 'ou', 'assistente', 'social']","['fato', 'chamarem', 'felca', 'vez', 'psicólogo', 'pedagogo', 'assistente', 'social']","['fat', 'cham', 'felc', 'vez', 'psicólog', 'pedagog', 'assist', 'soc']","['fato', 'chamarem', 'felca', 'vez', 'psicólogo', 'pedagogo', 'assistente', 'social']",
"['felca', 'virou', 'presidente', 'agora', 'o', 'povo', 'querendo', 'que', 'ele', 'seja', 'um', 'deus', 'do', 'poder', 'executivo', 'legislativo', 'e', 'judiciário']","['felca', 'virou', 'presidente', 'agora', 'povo', 'querendo', 'deus', 'poder', 'executivo', 'legislativo', 'judiciário']","['felc', 'vir', 'presid', 'agor', 'pov', 'quer', 'deu', 'pod', 'execu', 'legisl', 'judici']","['felca', 'virou', 'presidente', 'agora', 'povo', 'querendo', 'deus', 'poder', 'executivo', 'legislativo', 'judiciário']",
"['que', 'situacco', 'complicada', 'mas', 'calma', 'daia', 'o', 'felca', 'nco', 'vai', 'bater', 'na', 'sua', 'porta', 'nco', 'a', 'internet', 'às', 'vezes', 'exagera', 'mesmo', 'néc']","['situacco', 'complicada', 'calma', 'daia', 'felca', 'nco', 'vai', 'bater', 'porta', 'nco', 'internet', 'vezes', 'exagera', 'néc']","['situacc', 'complic', 'calm', 'dai', 'felc', 'nco', 'vai', 'bat', 'port', 'nco', 'internet', 'vez', 'exag', 'néc']","['situacco', 'complicada', 'calma', 'daia', 'felca', 'nco', 'vai', 'bater', 'porta', 'nco', 'internet', 'vezes', 'exagera', 'néc']",
"['a', 'gente', 'não', 'era', 'contra', 'a', 'adultização', 'dos', 'jovens', 'pessoal']","['gente', 'contra', 'adultização', 'jovens', 'pessoal']","['gent', 'contr', 'adult', 'jov', 'pessoal']","['gente', 'contra', 'adultização', 'jovens', 'pessoal']",
"['o', 'felca', 'fodeu', 'ele', 'levantou', 'outro', 'tema', 'e', 'esqueceram', 'ele', 'preso']","['felca', 'fodeu', 'levantou', 'outro', 'tema', 'esqueceram', 'preso']","['felc', 'fod', 'levant', 'outr', 'tem', 'esquec', 'pres']","['felca', 'fodeu', 'levantou', 'outro', 'tema', 'esqueceram', 'preso']",
"['a', 'esquerda', 'quer', 'enganar', 'o', 'brasil', 'com', 'o', 'termo', 'falso', 'adultização', 'infantil', 'para', 'censurar', 'os', 'opositores']","['esquerda', 'quer', 'enganar', 'brasil', 'termo', 'falso', 'adultização', 'infantil', 'censurar', 'opositores']","['esquerd', 'qu', 'engan', 'brasil', 'term', 'fals', 'adult', 'infantil', 'censur', 'oposi']","['esquerda', 'quer', 'enganar', 'brasil', 'termo', 'falso', 'adultização', 'infantil', 'censurar', 'opositores']",
"['eu', 'fico', 'louco', 'que', 'agora', 'tão', 'tratando', 'o', 'felca', 'resolvedor', 'de', 'todas', 'as', 'pautas', 'do', 'brasil', 'em', 'vez', 'de', 'cobrar', 'iss']","['fico', 'louco', 'agora', 'tão', 'tratando', 'felca', 'resolvedor', 'todas', 'pautas', 'brasil', 'vez', 'cobrar', 'iss']","['fic', 'louc', 'agor', 'tão', 'trat', 'felc', 'resolv', 'tod', 'paut', 'brasil', 'vez', 'cobr', 'is']","['fico', 'louco', 'agora', 'tão', 'tratando', 'felca', 'resolvedor', 'toda', 'pautas', 'brasil', 'vez', 'cobrar', 'iss']",
"['o', 'fato', 'de', 'chamarem', 'o', 'felca', 'em', 'vez', 'de', 'um', 'psicólogo', 'pedagogo', 'ou', 'assistente', 'social']","['fato', 'chamarem', 'felca', 'vez', 'psicólogo', 'pedagogo', 'assistente', 'social']","['fat', 'cham', 'felc', 'vez', 'psicólog', 'pedagog', 'assist', 'soc']","['fato', 'chamarem', 'felca', 'vez', 'psicólogo', 'pedagogo', 'assistente', 'social']",
"['pedagoga', 'encontra', 'felca', 'e', 'pede', 'que', 'ele', 'levante', 'a', 'pauta', 'da', 'desvalorização', 'dos', 'professores']","['pedagoga', 'encontra', 'felca', 'pede', 'levante', 'pauta', 'desvalorização', 'professores']","['pedagog', 'encontr', 'felc', 'ped', 'lev', 'paut', 'desvalor', 'profes']","['pedagoga', 'encontra', 'felca', 'pede', 'levante', 'pauta', 'desvalorização', 'professores']",
"['falar', 'com', 'felca']","['falar', 'felca']","['fal', 'felc']","['falar', 'felca']",
"['pq', 'convidaram', 'um', 'influenciador', 'para', 'comenta', 'sobre', 'adultizacao', 'no', 'congresso', 'nacional', 'e', 'nao', 'um', 'especialista', 'no', 'a']","['pq', 'convidaram', 'influenciador', 'comenta', 'sobre', 'adultizacao', 'congresso', 'nacional', 'nao', 'especialista']","['pq', 'convid', 'influenci', 'coment', 'sobr', 'adultizaca', 'congress', 'nacion', 'nao', 'especi']","['pq', 'convidaram', 'influenciador', 'comenta', 'sobre', 'adultizacao', 'congresso', 'nacional', 'nao', 'especialista']",
"['o', 'felca', 'fodeu', 'ele', 'levantou', 'outro', 'tema', 'e', 'esqueceram', 'ele', 'preso']","['felca', 'fodeu', 'levantou', 'outro', 'tema', 'esqueceram', 'preso']","['felc', 'fod', 'levant', 'outr', 'tem', 'esquec', 'pres']","['felca', 'fodeu', 'levantou', 'outro', 'tema', 'esqueceram', 'preso']",
"['nunca', 'fui', 'com', 'a', 'cara', 'desse', 'felca', 'tá', 'visível', 'que', 'de', 'esquerda']","['nunca', 'cara', 'desse', 'felca', 'tá', 'visível', 'esquerda']","['nunc', 'car', 'dess', 'felc', 'tá', 'vis', 'esquerd']","['nunca', 'cara', 'desse', 'felca', 'tá', 'visível', 'esquerda']",
"['o', 'fato', 'de', 'chamarem', 'o', 'felca', 'em', 'vez', 'de', 'um', 'psicólogo', 'pedagogo', 'ou', 'assistente', 'social']","['fato', 'chamarem', 'felca', 'vez', 'psicólogo', 'pedagogo', 'assistente', 'social']","['fat', 'cham', 'felc', 'vez', 'psicólog', 'pedagog', 'assist', 'soc']","['fato', 'chamarem', 'felca', 'vez', 'psicólogo', 'pedagogo', 'assistente', 'social']",
"['o', 'felca', 'fodeu', 'ele', 'levantou', 'outro', 'tema', 'e', 'esqueceram', 'ele', 'preso']","['felca', 'fodeu', 'levantou', 'outro', 'tema', 'esqueceram', 'preso']","['felc', 'fod', 'levant', 'outr', 'tem', 'esquec', 'pres']","['felca', 'fodeu', 'levantou', 'outro', 'tema', 'esqueceram', 'preso']",
"['pedagoga', 'encontra', 'felca', 'e', 'pede', 'que', 'ele', 'levante', 'a', 'pauta', 'da', 'desvalorização', 'dos', 'professores']","['pedagoga', 'encontra', 'felca', 'pede', 'levante', 'pauta', 'desvalorização', 'professores']","['pedagog', 'encontr', 'felc', 'ped', 'lev', 'paut', 'desvalor', 'profes']","['pedagoga', 'encontra', 'felca', 'pede', 'levante', 'pauta', 'desvalorização', 'professores']",
"['o', 'felca', 'fodeu', 'ele', 'levantou', 'outro', 'tema', 'e', 'esqueceram', 'ele', 'preso']","['felca', 'fodeu', 'levantou', 'outro', 'tema', 'esqueceram', 'preso']","['felc', 'fod', 'levant', 'outr', 'tem', 'esquec', 'pres']","['felca', 'fodeu', 'levantou', 'outro', 'tema', 'esqueceram', 'preso']",
"['veja', 'grafiteiros', 'prestam', 'homenagem', 'a', 'felca', 'em', 'um', 'muro', 'de', 'escola', 'pública', 'em', 'são', 'paulo', 'estampando', 'a', 'frase', 'não', 'à', 'adultização']","['veja', 'grafiteiros', 'prestam', 'homenagem', 'felca', 'muro', 'escola', 'pública', 'paulo', 'estampando', 'frase', 'adultização']","['vej', 'grafit', 'prest', 'homen', 'felc', 'mur', 'escol', 'públic', 'paul', 'estamp', 'fras', 'adult']","['veja', 'grafiteiros', 'prestam', 'homenagem', 'felca', 'muro', 'escola', 'pública', 'paulo', 'estampando', 'frase', 'adultização']",
"['a', 'novilingua', 'que', 'faz', 'até', 'orwell', 'se', 'espantar', 'pedofili', 'virou', 'adultização', 'facção', 'criminosa', 'virou', 'máfia', 'querem', 'mostrar']","['novilingua', 'faz', 'orwell', 'espantar', 'pedofili', 'virou', 'adultização', 'facção', 'criminosa', 'virou', 'máfia', 'querem', 'mostrar']","['novilingu', 'faz', 'orwell', 'espant', 'pedofil', 'vir', 'adult', 'facç', 'crimin', 'vir', 'máf', 'quer', 'mostr']","['novilingua', 'faz', 'orwell', 'espantar', 'pedofili', 'virou', 'adultização', 'facção', 'criminosa', 'virou', 'máfia', 'querem', 'mostrar']",
"['o', 'fato', 'de', 'chamarem', 'o', 'felca', 'em', 'vez', 'de', 'um', 'psicólogo', 'pedagogo', 'ou', 'assistente', 'social']","['fato', 'chamarem', 'felca', 'vez', 'psicólogo', 'pedagogo', 'assistente', 'social']","['fat', 'cham', 'felc', 'vez', 'psicólog', 'pedagog', 'assist', 'soc']","['fato', 'chamarem', 'felca', 'vez', 'psicólogo', 'pedagogo', 'assistente', 'social']",
"['o', 'fato', 'de', 'chamarem', 'o', 'felca', 'em', 'vez', 'de', 'um', 'psicólogo', 'pedagogo', 'ou', 'assistente', 'social']","['fato', 'chamarem', 'felca', 'vez', 'psicólogo', 'pedagogo', 'assistente', 'social']","['fat', 'cham', 'felc', 'vez', 'psicólog', 'pedagog', 'assist', 'soc']","['fato', 'chamarem', 'felca', 'vez', 'psicólogo', 'pedagogo', 'assistente', 'social']",
"['fez', 'o', 'italo', 'santos', 'e', 'o', 'felca', 'kkkkkkkk']","['fez', 'italo', 'santos', 'felca', 'kkkkkkkk']","['fez', 'ital', 'sant', 'felc', 'kkkkkkkk']","['fez', 'italo', 'santos', 'felca', 'kkkkkkkk']",
"['o', 'fato', 'de', 'chamarem', 'o', 'felca', 'em', 'vez', 'de', 'um', 'psicólogo', 'pedagogo', 'ou', 'assistente', 'social']","['fato', 'chamarem', 'felca', 'vez', 'psicólogo', 'pedagogo', 'assistente', 'social']","['fat', 'cham', 'felc', 'vez', 'psicólog', 'pedagog', 'assist', 'soc']","['fato', 'chamarem', 'felca', 'vez', 'psicólogo', 'pedagogo', 'assistente', 'social']",
"['o', 'fato', 'de', 'chamarem', 'o', 'felca', 'em', 'vez', 'de', 'um', 'psicólogo', 'pedagogo', 'ou', 'assistente', 'social']","['fato', 'chamarem', 'felca', 'vez', 'psicólogo', 'pedagogo', 'assistente', 'social']","['fat', 'cham', 'felc', 'vez', 'psicólog', 'pedagog', 'assist', 'soc']","['fato', 'chamarem', 'felca', 'vez', 'psicólogo', 'pedagogo', 'assistente', 'social']",
"['o', 'fato', 'de', 'chamarem', 'o', 'felca', 'em', 'vez', 'de', 'um', 'psicólogo', 'pedagogo', 'ou', 'assistente', 'social']","['fato', 'chamarem', 'felca', 'vez', 'psicólogo', 'pedagogo', 'assistente', 'social']","['fat', 'cham', 'felc', 'vez', 'psicólog', 'pedagog', 'assist', 'soc']","['fato', 'chamarem', 'felca', 'vez', 'psicólogo', 'pedagogo', 'assistente', 'social']",
"['grafiteiros', 'homenageiam', 'felca', 'em', 'muro', 'de', 'escola', 'pública', 'de', 'são', 'paulo', 'sp', 'com', 'grafite', 'do', 'influenciador', 'ao', 'lado', 'da', 'fras']","['grafiteiros', 'homenageiam', 'felca', 'muro', 'escola', 'pública', 'paulo', 'sp', 'grafite', 'influenciador', 'lado', 'fras']","['grafit', 'homenage', 'felc', 'mur', 'escol', 'públic', 'paul', 'sp', 'grafit', 'influenci', 'lad', 'fra']","['grafiteiros', 'homenageiam', 'felca', 'muro', 'escola', 'pública', 'paulo', 'sp', 'grafite', 'influenciador', 'lado', 'fras']",
"['pedagoga', 'encontra', 'felca', 'e', 'pede', 'que', 'ele', 'levante', 'a', 'pauta', 'da', 'desvalorização', 'dos', 'professores']","['pedagoga', 'encontra', 'felca', 'pede', 'levante', 'pauta', 'desvalorização', 'professores']","['pedagog', 'encontr', 'felc', 'ped', 'lev', 'paut', 'desvalor', 'profes']","['pedagoga', 'encontra', 'felca', 'pede', 'levante', 'pauta', 'desvalorização', 'professores']",
"['desculpa', 'estragar', 'o', 'sonho', 'de', 'vocês', 'mas', 'o', 'felca', 'não', 'é', 'o', 'salvador', 'do', 'mundo']","['desculpa', 'estragar', 'sonho', 'felca', 'salvador', 'mundo']","['desculp', 'estrag', 'sonh', 'felc', 'salv', 'mund']","['desculpa', 'estragar', 'sonho', 'felca', 'salvador', 'mundo']",
"['o', 'felca', 'fodeu', 'ele', 'levantou', 'outro', 'tema', 'e', 'esqueceram', 'ele', 'preso']","['felca', 'fodeu', 'levantou', 'outro', 'tema', 'esqueceram', 'preso']","['felc', 'fod', 'levant', 'outr', 'tem', 'esquec', 'pres']","['felca', 'fodeu', 'levantou', 'outro', 'tema', 'esqueceram', 'preso']",
"['o', 'felca', 'fodeu', 'ele', 'levantou', 'outro', 'tema', 'e', 'esqueceram', 'ele', 'preso']","['felca', 'fodeu', 'levantou', 'outro', 'tema', 'esqueceram', 'preso']","['felc', 'fod', 'levant', 'outr', 'tem', 'esquec', 'pres']","['felca', 'fodeu', 'levantou', 'outro', 'tema', 'esqueceram', 'preso']",
"['o', 'felca', 'fodeu', 'ele', 'levantou', 'outro', 'tema', 'e', 'esqueceram', 'ele', 'preso']","['felca', 'fodeu', 'levantou', 'outro', 'tema', 'esqueceram', 'preso']","['felc', 'fod', 'levant', 'outr', 'tem', 'esquec', 'pres']","['felca', 'fodeu', 'levantou', 'outro', 'tema', 'esqueceram', 'preso']",
"['o', 'felca', 'fodeu', 'ele', 'levantou', 'outro', 'tema', 'e', 'esqueceram', 'ele', 'preso']","['felca', 'fodeu', 'levantou', 'outro', 'tema', 'esqueceram', 'preso']","['felc', 'fod', 'levant', 'outr', 'tem', 'esquec', 'pres']","['felca', 'fodeu', 'levantou', 'outro', 'tema', 'esqueceram', 'preso']",
"['o', 'fato', 'de', 'chamarem', 'o', 'felca', 'em', 'vez', 'de', 'um', 'psicólogo', 'pedagogo', 'ou', 'assistente', 'social']","['fato', 'chamarem', 'felca', 'vez', 'psicólogo', 'pedagogo', 'assistente', 'social']","['fat', 'cham', 'felc', 'vez', 'psicólog', 'pedagog', 'assist', 'soc']","['fato', 'chamarem', 'felca', 'vez', 'psicólogo', 'pedagogo', 'assistente', 'social']",
"['felca', 'você', 'é', 'muito', 'necessário']","['felca', 'necessário']","['felc', 'necess']","['felca', 'necessário']",
"['o', 'fato', 'de', 'chamarem', 'o', 'felca', 'em', 'vez', 'de', 'um', 'psicólogo', 'pedagogo', 'ou', 'assistente', 'social']","['fato', 'chamarem', 'felca', 'vez', 'psicólogo', 'pedagogo', 'assistente', 'social']","['fat', 'cham', 'felc', 'vez', 'psicólog', 'pedagog', 'assist', 'soc']","['fato', 'chamarem', 'felca', 'vez', 'psicólogo', 'pedagogo', 'assistente', 'social']",
"['o', 'felca', 'fodeu', 'ele', 'levantou', 'outro', 'tema', 'e', 'esqueceram', 'ele', 'preso']","['felca', 'fodeu', 'levantou', 'outro', 'tema', 'esqueceram', 'preso']","['felc', 'fod', 'levant', 'outr', 'tem', 'esquec', 'pres']","['felca', 'fodeu', 'levantou', 'outro', 'tema', 'esqueceram', 'preso']",
"['o', 'felca', 'fodeu', 'ele', 'levantou', 'outro', 'tema', 'e', 'esqueceram', 'ele', 'preso']","['felca', 'fodeu', 'levantou', 'outro', 'tema', 'esqueceram', 'preso']","['felc', 'fod', 'levant', 'outr', 'tem', 'esquec', 'pres']","['felca', 'fodeu', 'levantou', 'outro', 'tema', 'esqueceram', 'preso']",
